time,A0 (RED),A1 (PURPLE),A2 (YELLOW),A3 (BLACK)
1.6421432495117188,382,308,183,164
1.6902685165405273,382,308,182,163
1.7542939186096191,382,308,182,163
1.8028109073638916,382,307,182,164
1.850609540939331,381,308,182,163
1.898280382156372,382,308,182,163
1.9467103481292725,382,308,182,164
2.010622978210449,382,308,182,163
2.0583536624908447,382,308,182,163
2.106024742126465,382,308,182,163
2.167850971221924,382,307,183,163
2.2048583030700684,382,308,183,163
2.2659754753112793,382,308,183,163
2.313965320587158,382,307,183,164
2.3620152473449707,382,307,183,163
2.4104220867156982,382,308,183,163
2.4589147567749023,382,308,183,164
2.5063211917877197,382,307,183,163
2.5703041553497314,382,307,183,163
2.618826389312744,382,307,183,163
2.6672263145446777,382,308,183,163
2.7148425579071045,382,307,183,163
2.7624576091766357,382,307,183,163
2.826679229736328,382,307,183,163
2.874403715133667,382,308,183,162
2.9222681522369385,382,307,183,163
2.9707930088043213,382,308,183,162
3.0186216831207275,382,308,183,162
3.082251787185669,382,308,182,163
3.1300840377807617,382,307,183,162
3.1787095069885254,382,307,182,162
3.226255178451538,382,307,183,162
3.273960590362549,382,307,183,163
3.3386082649230957,381,307,183,162
3.3866403102874756,382,307,183,162
3.434176206588745,381,307,183,162
3.4825334548950195,381,307,183,162
3.5299696922302246,381,306,183,162
3.5944931507110596,381,307,182,162
3.6422548294067383,380,306,183,162
3.690368175506592,381,306,182,161
3.7377943992614746,381,306,182,161
3.786355495452881,380,306,182,162
3.8339896202087402,381,307,182,162
3.8987064361572266,381,306,182,162
3.9461920261383057,381,307,183,162
3.9940924644470215,381,307,182,162
4.042750358581543,381,306,183,162
4.090627193450928,381,307,183,162
4.154282569885254,381,307,183,162
4.202288866043091,381,307,183,161
4.25072717666626,381,307,183,161
4.298786401748657,381,307,184,162
4.346153259277344,381,307,184,161
4.4102678298950195,381,307,184,161
4.458405017852783,381,307,184,161
4.506415367126465,381,307,183,162
4.554605484008789,381,307,184,162
4.60260272026062,381,307,183,161
4.665904760360718,381,307,183,162
4.713918924331665,381,307,183,162
4.762138605117798,381,307,183,162
4.8101441860198975,381,307,183,161
4.857953310012817,381,307,183,163
4.921530246734619,381,307,184,161
4.969632148742676,381,307,182,161
5.018601417541504,381,307,182,161
5.06582498550415,381,307,182,161
5.113931179046631,381,307,182,161
5.162364959716797,381,307,182,161
5.226013660430908,381,307,182,161
5.274543762207031,381,307,182,161
5.32257604598999,381,307,181,162
5.370497226715088,381,307,182,162
5.418683767318726,381,307,181,161
5.4816505908966064,381,307,182,161
5.530078887939453,381,307,181,161
5.577702045440674,381,307,181,161
5.62600564956665,381,307,181,161
5.6746625900268555,381,306,181,161
5.738253593444824,381,306,181,161
5.786363363265991,380,306,181,161
5.833705902099609,380,306,180,161
5.8816516399383545,380,306,181,161
5.930038213729858,380,307,181,161
5.993577480316162,380,306,180,161
6.042314767837524,380,306,181,161
6.090034008026123,380,306,181,161
6.138522624969482,380,306,181,161
6.186016798019409,380,306,181,161
6.249500274658203,380,306,181,161
6.297501087188721,380,306,181,161
6.346418619155884,380,305,180,161
6.39441442489624,380,306,181,162
6.442023515701294,380,306,181,161
6.489837408065796,380,306,181,161
6.554213047027588,380,306,181,161
6.6022279262542725,380,306,181,161
6.6503684520721436,380,307,181,162
6.698369264602661,380,306,180,161
6.7460527420043945,380,306,180,161
6.810064792633057,380,306,181,161
6.857417345046997,380,306,181,161
6.9054343700408936,380,306,180,161
6.954190015792847,380,306,181,161
7.00251579284668,380,306,181,161
7.065692186355591,380,305,179,161
7.113687038421631,380,306,180,161
7.161914110183716,380,306,180,161
7.209932327270508,380,306,180,161
7.258091449737549,380,306,181,161
7.32176399230957,380,306,180,161
7.36993145942688,380,306,181,161
7.4179792404174805,380,306,181,161
7.466212034225464,380,306,181,161
7.514209985733032,380,306,181,161
7.561895132064819,380,306,181,161
7.625924825668335,380,306,181,161
7.674131393432617,380,307,181,161
7.722306489944458,380,306,181,161
7.770427942276001,380,306,181,161
7.8176469802856445,380,306,180,161
7.881971120834351,380,306,181,161
7.93008828163147,380,306,181,161
7.977411985397339,380,306,181,161
8.025374174118042,380,306,180,161
8.07377552986145,380,306,181,161
8.137413024902344,380,307,181,161
8.186050415039062,380,306,181,161
8.233583211898804,380,306,181,161
8.28142523765564,380,306,181,161
8.329445600509644,380,306,181,161
8.393516540527344,380,306,181,161
8.441251277923584,380,306,181,161
8.489866018295288,380,307,180,161
8.537904262542725,380,306,181,161
8.585421323776245,380,307,181,161
8.649712324142456,380,307,181,161
8.697724342346191,381,307,182,161
8.745450973510742,381,308,182,161
8.793182373046875,381,308,182,162
8.842066526412964,382,308,182,162
8.89028525352478,382,308,184,162
8.953925848007202,382,308,185,162
9.001938104629517,382,307,188,163
9.049933671951294,382,307,188,162
9.09785532951355,382,307,187,162
9.145785808563232,382,307,187,162
9.209410905838013,382,307,187,163
9.257699012756348,382,307,187,163
9.305708169937134,382,307,186,163
9.353265047073364,382,307,186,163
9.40125560760498,382,307,187,163
9.465532541275024,382,307,186,163
9.513534307479858,382,307,186,163
9.561907052993774,383,307,185,163
9.609906435012817,383,307,186,163
9.657721757888794,382,307,187,163
9.721827268600464,383,307,187,163
9.770105600357056,383,307,190,162
9.81741738319397,382,306,188,163
9.865856170654297,382,306,188,163
9.91378927230835,382,305,187,162
9.977266550064087,382,305,186,163
10.025264024734497,381,304,186,163
10.073456048965454,381,304,187,163
10.12157416343689,382,305,186,164
10.169809103012085,383,306,187,164
10.217713356018066,384,306,188,164
10.281038999557495,384,306,188,164
10.329244136810303,384,307,187,164
10.377448797225952,384,308,188,164
10.425317287445068,385,308,188,164
10.473559141159058,385,308,187,164
10.537558794021606,385,308,187,164
10.585562229156494,384,307,187,164
10.633671045303345,383,307,186,164
10.681620836257935,384,307,184,164
10.729618310928345,385,308,184,164
10.792876243591309,386,309,184,164
10.840880632400513,386,310,185,165
10.88932728767395,386,311,185,164
10.937339067459106,386,311,186,164
10.985317707061768,386,311,186,164
11.048983812332153,386,311,187,164
11.097684860229492,387,312,186,164
11.144620180130005,387,312,188,164
11.193855047225952,388,312,190,164
11.24197268486023,388,313,192,164
11.305667877197266,388,313,193,164
11.353790998458862,388,313,195,165
11.401466846466064,389,313,196,164
11.448965549468994,389,313,196,165
11.49759316444397,389,313,196,165
11.545824766159058,390,313,196,164
11.608874320983887,389,314,197,164
11.657556295394897,389,313,196,164
11.705621242523193,389,313,195,164
11.753299474716187,389,314,195,164
11.801087141036987,389,313,195,164
11.8649160861969,389,313,199,164
11.91280484199524,389,313,224,163
11.961024284362793,389,313,537,163
12.009023189544678,389,313,409,163
12.058114051818848,388,313,637,162
12.121114492416382,389,313,837,163
12.169315576553345,389,313,939,162
12.217211723327637,389,313,963,162
12.265089511871338,389,313,972,162
12.313659429550171,389,314,967,162
12.376879215240479,389,313,922,162
12.424907922744751,389,313,860,162
12.473396062850952,388,313,777,163
12.521308183670044,389,313,988,162
12.569653034210205,388,313,901,162
12.617658376693726,389,313,768,162
12.681143760681152,389,313,947,163
12.729143142700195,388,314,804,162
12.777450799942017,388,314,961,162
12.82544994354248,388,314,809,163
12.873543977737427,388,314,950,162
12.937543630599976,388,314,785,162
12.984715700149536,389,314,918,162
13.032785177230835,388,313,985,162
13.080863952636719,388,314,864,162
13.128841161727905,389,314,967,162
13.193229675292969,388,314,848,162
13.24112844467163,388,314,882,162
13.288927793502808,388,314,965,162
13.336929559707642,388,314,982,162
13.385372877120972,388,313,850,161
13.44947862625122,388,314,925,162
13.496523141860962,388,314,988,161
13.545529842376709,387,313,944,162
13.593404531478882,387,313,854,161
13.64140272140503,388,314,920,162
13.705533742904663,387,314,978,161
13.752681493759155,387,313,989,161
13.800670146942139,386,313,834,161
13.848727464675903,386,313,899,161
13.897033214569092,386,313,961,162
13.945012331008911,386,312,998,161
14.008809804916382,385,311,815,161
14.05686616897583,384,310,878,161
14.105052709579468,384,310,936,161
14.153057098388672,384,310,992,161
14.200770378112793,383,309,976,160
14.264936685562134,383,308,838,161
14.31283187866211,383,308,895,161
14.360846281051636,383,308,948,161
14.40925407409668,383,308,997,161
14.457311153411865,383,307,930,160
14.520993709564209,383,307,852,161
14.569324254989624,383,307,913,160
14.617321968078613,383,308,967,162
14.66519546508789,383,308,999,161
14.7133309841156,383,308,805,160
14.776413917541504,382,306,857,161
14.824540615081787,376,299,914,160
14.873248100280762,352,273,968,161
14.921239376068115,344,253,995,160
14.969092607498169,368,269,824,160
15.033040285110474,377,284,898,160
15.081182718276978,381,291,961,160
15.129185199737549,382,293,999,160
15.176509857177734,381,291,810,160
15.225526094436646,379,286,875,161
15.272913932800293,378,282,928,160
15.33690071105957,377,279,974,161
15.384812593460083,377,279,1000,161
15.432795286178589,379,282,987,160
15.480889797210693,380,287,818,161
15.528892040252686,381,291,856,161
15.593118906021118,380,291,894,161
15.641111373901367,379,288,930,161
15.689216375350952,379,286,969,162
15.737220764160156,379,286,999,161
15.784517049789429,378,287,923,161
15.848524808883667,379,288,849,161
15.89699673652649,381,289,910,161
15.945003271102905,381,291,973,161
15.992547512054443,381,292,964,161
16.04054570198059,382,294,855,161
16.10492181777954,382,295,934,161
16.152936220169067,383,296,997,161
16.200584888458252,382,295,825,161
16.2505304813385,382,294,924,161
16.297088146209717,382,294,998,161
16.345083236694336,381,293,817,160
16.408382892608643,381,293,908,161
16.456502199172974,381,292,985,161
16.50483775138855,380,291,788,160
16.552956581115723,380,290,885,161
16.601048231124878,380,290,978,161
16.66501760482788,380,289,789,160
16.712294340133667,379,289,903,161
16.760696172714233,380,289,997,161
16.808651208877563,379,288,818,161
16.856661796569824,379,288,923,161
16.921107053756714,379,288,995,161
16.968871355056763,379,288,839,161
17.016483783721924,379,288,938,161
17.065545558929443,379,287,992,161
17.113178491592407,379,287,845,161
17.17626166343689,379,287,947,161
17.224262237548828,379,287,975,161
17.272684574127197,378,287,860,161
17.32058072090149,378,286,952,161
17.368154764175415,378,285,986,161
17.432854413986206,378,285,843,161
17.480962991714478,378,284,918,161
17.528961181640625,378,284,981,161
17.577216863632202,377,282,979,161
17.62527370452881,377,282,837,161
17.672895193099976,377,282,906,161
17.736611366271973,377,281,966,161
17.784924745559692,377,281,995,161
17.832926034927368,377,281,824,161
17.88014507293701,377,280,898,161
17.929147481918335,377,281,965,161
17.99237370491028,377,281,991,161
18.04061532020569,377,280,835,161
18.08817410469055,377,281,912,161
18.13716983795166,377,281,983,161
18.184855937957764,376,280,839,161
18.24881649017334,377,280,871,160
18.297021627426147,377,281,952,160
18.34412980079651,377,280,991,160
18.392443656921387,377,280,839,160
18.44034433364868,377,281,923,161
18.504690647125244,377,281,995,161
18.55287742614746,377,280,799,161
18.60015034675598,377,281,887,161
18.648940324783325,377,282,964,161
18.696167707443237,377,282,988,161
18.760273694992065,377,281,840,162
18.808420181274414,377,282,917,162
18.856419801712036,378,282,991,162
18.904154062271118,377,282,800,162
18.952253818511963,378,281,868,163
19.000587701797485,377,282,937,163
19.06475520133972,378,282,997,162
19.1129412651062,377,281,799,163
19.160154342651367,378,282,880,163
19.20832395553589,377,283,958,162
19.25633406639099,377,282,990,162
19.3205885887146,377,282,840,162
19.368602514266968,378,282,924,161
19.41596484184265,378,282,993,161
19.46412682533264,377,282,796,160
19.512298345565796,377,282,869,160
19.57610559463501,377,282,946,160
19.624616622924805,377,282,996,160
19.672632455825806,376,280,829,159
19.72024154663086,375,281,914,159
19.768430709838867,376,281,993,160
19.83210253715515,375,280,797,160
19.88002109527588,375,281,891,160
19.928648710250854,375,281,974,159
19.976308584213257,375,280,902,159
20.024837017059326,375,281,870,159
20.088033437728882,375,281,955,159
20.136028289794922,375,281,993,160
20.183844089508057,375,281,836,159
20.232073545455933,375,281,922,159
20.280839920043945,376,281,996,159
20.328461408615112,375,281,800,159
20.391950845718384,375,282,888,159
20.4400577545166,376,283,965,160
20.488139152526855,375,283,985,159
20.536136150360107,375,283,843,159
20.58467674255371,376,284,921,159
20.64820146560669,376,285,994,160
20.69644522666931,376,284,792,160
20.744520664215088,376,284,867,160
20.7926185131073,377,285,931,159
20.840626001358032,378,285,992,160
20.90388512611389,377,285,917,160
20.952661514282227,378,285,854,159
21.000025510787964,378,285,922,160
21.04813861846924,378,286,979,160
21.095877408981323,378,285,981,159
21.159868001937866,378,285,838,159
21.20796775817871,378,286,907,160
21.2560715675354,378,285,972,160
21.30408763885498,378,285,992,160
21.351948261260986,378,285,829,159
21.40087580680847,378,285,902,160
21.46398138999939,379,285,965,159
21.512261867523193,378,285,995,160
21.56026315689087,378,285,822,160
21.608639001846313,378,284,896,160
21.656631231307983,378,285,961,160
21.720465660095215,378,285,997,160
21.768380165100098,378,284,817,160
21.815848112106323,378,285,895,160
21.86376452445984,378,285,965,160
21.912528038024902,378,285,989,159
21.975603103637695,378,285,838,159
22.024226903915405,378,285,921,160
22.07247281074524,378,285,993,160
22.12049889564514,377,285,791,160
22.16852331161499,378,285,872,160
22.231715202331543,378,285,947,159
22.280167818069458,378,285,998,160
22.32817816734314,378,285,817,160
22.37619137763977,378,285,896,159
22.424238681793213,378,285,969,160
22.488473892211914,378,284,985,160
22.535831451416016,378,284,840,159
22.584497451782227,378,284,913,159
22.632025957107544,378,285,975,160
22.68055486679077,377,284,986,159
22.728015184402466,378,284,834,159
22.791574954986572,378,284,903,159
22.840115070343018,378,284,960,160
22.88778257369995,378,285,999,160
22.936196088790894,377,284,815,159
22.98376774787903,377,284,853,159
23.04828643798828,377,284,911,159
23.096048593521118,378,285,960,159
23.143644094467163,378,285,999,159
23.192219257354736,377,284,865,160
23.23971939086914,377,284,849,159
23.303787231445312,377,284,895,159
23.35176706314087,378,284,939,159
23.399818897247314,377,284,976,159
23.44782066345215,378,284,1000,159
23.495351552963257,377,284,929,159
23.559924125671387,377,284,836,159
23.60801339149475,378,284,884,159
23.65602993965149,378,284,931,159
23.70389175415039,378,285,978,159
23.751908540725708,378,284,996,160
23.815966844558716,377,284,812,159
23.86405372619629,377,284,870,160
23.912232160568237,378,284,925,159
23.960229873657227,378,284,974,160
24.007660388946533,378,284,998,160
24.05612564086914,377,284,802,159
24.120218753814697,378,284,856,159
24.16823697090149,378,284,912,159
24.21601915359497,377,285,963,159
24.26401662826538,378,285,999,159
24.312071084976196,377,284,833,159
24.376079559326172,378,284,850,159
24.42423939704895,377,284,906,159
24.471449613571167,377,284,952,159
24.519699573516846,378,285,997,159
24.567717790603638,377,284,963,159
24.631514072418213,377,284,835,158
24.679530143737793,377,284,890,159
24.72765874862671,377,285,942,159
24.775668621063232,378,285,993,159
24.823760986328125,377,284,966,159
24.887304067611694,377,284,837,159
24.93585467338562,377,284,897,158
24.9833984375,378,285,955,159
25.031760215759277,378,285,999,160
25.079759120941162,377,284,796,159
25.14378309249878,377,285,869,159
25.191826105117798,377,284,938,159
25.24024534225464,378,285,997,159
25.287856817245483,377,284,794,159
25.33610701560974,377,284,866,159
25.383798122406006,378,284,931,159
25.447944402694702,377,285,988,159
25.495492696762085,377,284,955,159
25.543062925338745,377,284,845,159
25.591692686080933,377,284,913,159
25.6394362449646,377,285,971,159
25.703357934951782,377,284,993,160
25.75192880630493,377,284,823,159
25.7995285987854,377,284,892,159
25.848053455352783,377,284,951,159
25.895280122756958,377,285,999,159
25.959836721420288,377,284,815,159
26.00745391845703,377,284,859,159
26.05585789680481,377,284,922,159
26.103713274002075,377,284,976,159
26.151753187179565,377,284,990,159
26.215847492218018,377,283,829,159
26.263891458511353,377,284,896,159
26.311583518981934,377,284,955,158
26.359578609466553,377,284,999,159
26.407461404800415,377,283,805,159
26.455976009368896,377,283,873,159
26.51924967765808,377,284,936,159
26.567150354385376,377,284,988,159
26.61514973640442,377,283,992,159
26.663214683532715,377,284,819,159
26.710983276367188,377,283,873,159
26.775519609451294,377,283,925,159
26.823477029800415,377,284,970,159
26.871414184570312,377,284,999,159
26.91948103904724,377,283,861,159
26.96747875213623,377,283,844,159
27.031595468521118,377,284,893,159
27.079620361328125,377,284,942,159
27.127529859542847,377,284,993,159
27.175474643707275,377,283,964,159
27.223551511764526,377,284,839,159
27.287158250808716,377,283,900,158
27.335211753845215,377,283,956,159
27.38330316543579,377,284,999,159
27.43138813972473,377,283,840,159
27.479394912719727,377,283,854,159
27.543739795684814,376,283,916,159
27.59183406829834,377,284,973,159
27.639626026153564,377,282,992,159
27.687764883041382,377,283,817,159
27.735417127609253,377,284,875,159
27.78342056274414,377,284,929,159
27.847692012786865,377,284,976,160
27.895410537719727,377,284,996,159
27.943811655044556,377,283,808,158
27.9913330078125,377,284,866,159
28.039883136749268,377,283,921,159
28.103508949279785,377,284,973,159
28.151721954345703,377,284,997,159
28.199323654174805,377,283,804,159
28.24685263633728,377,284,853,159
28.295372247695923,377,284,897,159
28.35953378677368,377,284,938,159
28.407081127166748,377,284,975,160
28.455644369125366,377,284,1000,159
28.503230810165405,378,284,949,159
28.551377534866333,377,284,837,158
28.61563777923584,377,284,896,158
28.663185596466064,377,285,949,159
28.710858821868896,378,284,996,159
28.759438514709473,377,284,971,159
28.807016372680664,377,284,833,158
28.871518850326538,377,284,891,159
28.919084310531616,377,284,946,159
28.967327117919922,377,284,994,158
29.015900373458862,377,284,983,158
29.06342363357544,377,284,824,158
29.110944509506226,377,284,874,159
29.175527095794678,377,284,924,159
29.222602605819702,377,284,970,159
29.271611213684082,377,284,999,159
29.319122552871704,377,284,813,159
29.367700338363647,377,284,849,158
29.43102788925171,377,284,902,159
29.479035139083862,377,284,948,159
29.52699589729309,378,284,986,159
29.574992418289185,378,284,999,159
29.623531818389893,377,284,937,159
29.68684983253479,377,284,829,159
29.734885931015015,377,284,866,159
29.78292417526245,377,284,902,160
29.83105158805847,377,284,938,159
29.879106521606445,378,285,972,160
29.94321584701538,378,284,1000,160
29.990793228149414,377,284,972,160
30.03917384147644,377,284,824,160
30.087331533432007,377,284,871,161
30.135522842407227,377,284,914,160
30.18361258506775,377,284,955,160
30.246946573257446,377,284,997,160
30.29573655128479,377,284,973,160
30.343478679656982,377,284,827,160
30.390947580337524,377,284,878,160
30.439444303512573,377,284,926,160
30.503029108047485,377,285,971,160
30.551565408706665,377,284,998,161
30.599137544631958,377,283,798,161
30.646673679351807,377,284,859,160
30.694540977478027,377,284,916,160
30.759053468704224,377,284,965,160
30.8067524433136,377,284,1000,160
30.854950189590454,377,284,836,160
30.903003215789795,377,283,849,160
30.95122265815735,377,284,903,160
31.014779567718506,377,284,951,160
31.063299655914307,377,284,994,160
31.11089301109314,377,284,981,160
31.159435749053955,377,284,827,160
31.207066535949707,377,284,883,160
31.27130389213562,377,284,932,160
31.318910598754883,378,285,979,160
31.366436004638672,377,285,994,160
31.414990663528442,377,284,816,160
31.46258282661438,377,284,877,160
31.511164903640747,378,285,930,159
31.574707746505737,378,285,979,160
31.62248468399048,377,284,990,159
31.671016931533813,377,284,829,159
31.718627452850342,377,285,902,159
31.767250061035156,377,285,968,160
31.83074450492859,377,285,992,160
31.87924551963806,377,285,827,159
31.92706823348999,377,285,907,159
31.974581480026245,377,285,980,159
32.02321529388428,377,284,873,159
32.08665895462036,377,285,862,159
32.13472127914429,377,284,942,160
32.18285584449768,377,285,997,159
32.231114625930786,376,285,811,159
32.27914500236511,377,285,891,159
32.34296989440918,377,285,958,160
32.39099478721619,377,285,998,160
32.439077377319336,376,285,807,159
32.487085819244385,376,285,869,159
32.534595251083374,376,285,926,160
32.5986807346344,377,285,978,159
32.64635467529297,377,286,994,160
32.69488883018494,376,285,813,159
32.742480754852295,376,286,870,159
32.791484117507935,377,286,925,159
32.839163303375244,377,286,976,159
32.90249228477478,376,285,996,159
32.951056718826294,376,286,809,159
32.99869465827942,376,285,863,159
33.047333002090454,376,286,908,160
33.09443211555481,377,286,945,160
33.158597230911255,377,286,983,160
33.207127809524536,376,286,999,160
33.25478386878967,376,286,844,160
33.30335760116577,376,286,841,160
33.35100030899048,376,286,885,160
33.41441988945007,376,286,929,159
33.46292471885681,376,287,967,160
33.510497093200684,377,286,999,160
33.55905270576477,376,285,967,159
33.60710644721985,376,285,825,159
33.67087531089783,376,285,873,159
33.718302965164185,376,285,916,159
33.766557693481445,375,285,956,159
33.81509327888489,376,284,994,160
33.86268639564514,375,284,988,159
33.926212310791016,375,283,819,159
33.974263191223145,375,283,870,159
34.02280569076538,375,284,915,159
34.07109999656677,375,284,955,159
34.11881875991821,375,284,995,159
34.1673629283905,374,283,987,158
34.2308464050293,374,283,818,158
34.278022050857544,374,283,867,158
34.32658839225769,374,283,914,159
34.37412667274475,375,283,956,159
34.42294692993164,375,283,996,158
34.48652505874634,374,283,992,158
34.53422570228577,374,283,811,158
34.58265519142151,374,283,856,158
34.6308753490448,374,282,896,158
34.67840242385864,374,283,933,158
34.74298024177551,374,283,970,158
34.79033613204956,374,283,1000,158
34.83888483047485,374,282,913,158
34.886719942092896,374,283,837,158
34.93424940109253,374,283,885,158
34.998313426971436,374,283,926,158
35.04684543609619,374,283,961,158
35.094865560531616,375,283,997,158
35.14250183105469,374,282,984,158
35.19065022468567,374,282,822,158
35.23821187019348,374,282,873,158
35.30211281776428,374,282,923,158
35.35044884681702,374,283,968,158
35.39897918701172,374,283,997,158
35.44602346420288,374,282,798,158
35.49460244178772,374,282,858,158
35.55794906616211,374,282,911,158
35.60663628578186,374,283,958,158
35.6542534828186,374,282,999,158
35.70281267166138,374,282,829,157
35.75100660324097,374,282,852,158
35.81471490859985,374,282,916,158
35.86223530769348,374,282,973,158
35.91077446937561,374,282,992,158
35.95901417732239,374,282,825,158
36.00697135925293,374,282,899,158
36.07035183906555,375,283,963,158
36.11827111244202,374,283,997,158
36.166844606399536,375,283,812,158
36.21441650390625,374,283,881,158
36.26274394989014,375,284,942,158
36.32666063308716,375,284,995,158
36.374876976013184,374,283,949,159
36.422287464141846,375,284,840,158
36.470131635665894,375,284,904,158
36.51887488365173,375,284,963,158
36.56663966178894,375,284,998,159
36.630258560180664,375,284,805,158
36.67806792259216,375,284,875,158
36.72676706314087,375,284,943,159
36.77437663078308,375,284,998,159
36.822909116744995,375,283,794,158
36.88618779182434,375,283,867,159
36.934544801712036,375,284,939,158
36.9818959236145,375,284,998,158
37.03042244911194,375,284,805,158
37.07800030708313,375,284,890,158
37.14260745048523,375,284,961,158
37.1899356842041,375,284,993,158
37.238625049591064,375,284,830,158
37.28674340248108,375,284,917,158
37.33426833152771,375,282,994,158
37.397828578948975,375,284,789,158
37.44632387161255,375,284,877,158
37.49452877044678,375,284,950,158
37.54209327697754,375,284,998,158
37.59064769744873,375,284,807,157
37.65420174598694,375,284,884,158
37.70183706283569,375,284,954,158
37.75039339065552,375,284,998,159
37.79762840270996,374,283,804,158
37.84617209434509,374,284,871,158
37.89475607872009,375,284,933,159
37.95831632614136,375,284,988,158
38.00659465789795,375,284,965,157
38.05462193489075,374,284,841,158
38.10225224494934,375,283,913,158
38.1508207321167,375,284,975,158
38.21430706977844,374,284,988,158
38.26186728477478,374,284,829,158
38.31043887138367,374,283,900,158
38.358455181121826,375,284,963,158
38.406327962875366,375,285,998,159
38.46988296508789,375,284,804,158
38.517988443374634,374,284,878,158
38.5660879611969,375,284,947,158
38.61438488960266,375,285,998,158
38.66239047050476,374,284,802,158
38.72616672515869,374,284,878,158
38.7737090587616,375,284,949,158
38.82222366333008,375,284,998,157
38.87038731575012,374,284,810,158
38.91797661781311,375,284,893,158
38.981629610061646,375,285,968,158
39.030149936676025,374,284,980,157
39.07858085632324,374,284,843,158
39.12616753578186,375,284,925,158
39.17428660392761,375,285,995,157
39.22183418273926,374,284,788,158
39.2863667011261,374,284,869,158
39.33392405509949,374,285,941,158
39.38248610496521,375,285,998,158
39.42956328392029,374,284,799,158
39.478296995162964,374,284,880,158
39.54193472862244,375,285,956,158
39.590370655059814,374,285,992,158
39.63793730735779,374,284,829,158
39.685608863830566,374,284,909,157
39.734262466430664,375,285,979,158
39.797383308410645,374,284,948,158
39.84595465660095,374,284,851,158
39.89378786087036,374,284,929,157
39.94239950180054,375,285,997,158
39.98992347717285,374,284,797,158
40.05342435836792,374,284,879,157
40.102073431015015,374,285,952,158
40.149768114089966,375,285,998,158
40.19762301445007,374,284,811,158
40.2462522983551,374,284,891,158
40.293864727020264,374,285,956,158
40.357407093048096,374,285,998,158
40.40540409088135,374,284,801,158
40.45346713066101,374,285,868,158
40.502068758010864,375,285,928,158
40.54955530166626,375,285,980,158
40.614046812057495,375,285,992,158
40.662049770355225,374,285,819,158
40.710166215896606,375,284,882,158
40.758156061172485,375,284,941,157
40.80639839172363,375,285,998,158
40.869972467422485,374,284,892,158
40.91786861419678,374,284,850,158
40.965983867645264,374,284,910,158
41.01340103149414,374,285,966,158
41.062405824661255,374,284,998,158
41.125783920288086,374,284,808,158
41.17390775680542,374,284,875,158
41.22188425064087,374,284,933,157
41.26997780799866,374,285,988,158
41.31833362579346,374,284,967,157
41.38177537918091,374,285,840,158
41.429299116134644,374,284,909,160
41.47811579704285,374,285,972,158
41.525696992874146,374,284,990,158
41.57372570037842,374,284,825,158
41.62179160118103,374,284,892,157
41.68536567687988,374,285,951,158
41.733940839767456,375,285,998,158
41.7820258140564,374,284,797,157
41.830408334732056,374,284,869,157
41.877925872802734,374,284,931,158
41.9414644241333,374,285,986,158
41.98999381065369,374,284,976,157
42.03753900527954,374,284,833,158
42.0861029624939,374,284,896,157
42.13364863395691,374,285,955,157
42.19722819328308,374,284,999,158
42.24574255943298,374,284,795,157
42.29426407814026,374,284,862,157
42.34183621406555,374,284,923,157
42.38997960090637,374,284,977,158
42.45355463027954,374,284,991,158
42.50111389160156,374,284,816,158
42.549641609191895,374,284,869,158
42.59722661972046,374,284,917,158
42.64576244354248,374,285,961,158
42.70986557006836,374,285,999,158
42.75789833068848,373,284,978,157
42.80547595024109,374,284,821,158
42.85396885871887,374,284,867,158
42.90153956413269,373,284,910,158
42.95004057884216,374,284,950,158
43.01367521286011,374,284,988,158
43.06168222427368,374,284,998,158
43.10892343521118,374,284,881,157
43.15808033943176,374,283,836,157
43.2061972618103,374,284,878,157
43.26974821090698,374,284,918,158
43.31783103942871,374,284,955,158
43.36583352088928,374,284,991,157
43.41315269470215,374,284,996,157
43.46218180656433,373,283,803,157
43.52596426010132,373,283,844,158
43.572965145111084,374,284,892,157
43.62186145782471,374,284,936,157
43.66986680030823,374,284,977,157
43.71778392791748,373,283,997,158
43.78086853027344,373,283,803,157
43.82902407646179,373,283,861,157
43.87714242935181,373,283,914,158
43.92486643791199,374,283,963,157
43.97341775894165,373,284,999,158
44.02169704437256,373,283,945,157
44.085702896118164,373,283,834,158
44.13352584838867,373,283,890,158
44.181641817092896,373,283,948,157
44.229769468307495,373,283,998,158
44.27798295021057,373,283,873,157
44.340758085250854,373,283,849,157
44.38959360122681,373,283,910,157
44.43712139129639,373,284,967,157
44.48503589630127,373,284,997,158
44.533616065979004,373,283,807,157
44.59724402427673,373,283,868,157
44.645528078079224,374,283,919,157
44.693034410476685,373,284,968,158
44.74157905578613,373,284,998,158
44.789573192596436,373,283,806,158
44.85284090042114,373,283,865,158
44.90115451812744,373,283,917,158
44.94966197013855,373,285,966,158
44.99738955497742,373,283,998,158
45.04580211639404,373,283,797,158
45.10935354232788,373,284,858,158
45.15696692466736,374,284,914,158
45.20551872253418,374,285,967,158
45.25301790237427,374,286,998,158
45.30167245864868,374,286,805,158
45.34919738769531,375,287,873,158
45.41304922103882,375,286,935,158
45.46087670326233,375,288,992,158
45.50954484939575,375,289,966,158
45.55723714828491,376,287,835,158
45.605175256729126,376,273,897,158
45.669631242752075,359,254,954,158
45.716975688934326,329,243,998,158
45.76496434211731,317,248,890,158
45.8137047290802,334,265,839,159
45.860997676849365,351,278,891,158
45.925458669662476,362,287,941,159
45.97356104850769,368,292,989,159
46.02098989486694,371,294,975,159
46.068896770477295,372,295,832,159
46.11707258224487,373,296,892,159
46.18107485771179,374,296,948,159
46.22897458076477,374,296,997,159
46.27706718444824,374,295,849,159
46.32504320144653,375,296,854,159
46.37306189537048,375,296,926,159
46.437275648117065,375,297,991,159
46.4853150844574,375,297,878,159
46.532485246658325,376,297,855,158
46.58148241043091,376,297,922,158
46.62900114059448,377,298,983,159
46.67710089683533,376,298,960,158
46.7411584854126,376,298,844,158
46.78959274291992,377,299,919,159
46.83686947822571,377,300,985,158
46.884796142578125,377,299,960,158
46.933051347732544,377,299,841,158
46.997111082077026,377,300,907,158
47.04543399810791,378,300,962,158
47.09355330467224,377,300,998,158
47.14078116416931,377,300,804,158
47.189777135849,377,300,864,158
47.252585887908936,377,300,920,158
47.30073618888855,378,301,966,158
47.3494713306427,378,300,999,157
47.39678955078125,377,300,840,158
47.4450740814209,377,300,846,158
47.50867986679077,377,300,901,158
47.55739450454712,377,300,955,157
47.605222940444946,378,300,999,157
47.65293741226196,377,299,941,157
47.70110011100769,377,300,838,157
47.76526975631714,377,300,894,157
47.813127279281616,377,300,950,158
47.86082696914673,377,300,998,158
47.90858268737793,377,299,901,157
47.95731544494629,377,300,846,157
48.00490713119507,377,300,908,157
48.069435358047485,377,300,967,158
48.11701965332031,377,300,997,158
48.164543867111206,377,299,810,158
48.21334791183472,377,299,878,157
48.26114249229431,377,299,940,157
48.32439088821411,377,300,997,157
48.3734028339386,377,299,836,158
48.420546770095825,377,299,856,157
48.46942400932312,377,299,924,158
48.51678919792175,377,300,984,158
48.580474853515625,377,299,979,158
48.62927579879761,377,299,832,158
48.67726922035217,377,299,895,158
48.72550392150879,377,299,947,157
48.77350401878357,378,300,997,157
48.83684277534485,377,299,961,158
48.88494515419006,377,299,833,157
48.932634353637695,377,299,889,157
48.980647802352905,377,300,937,157
49.02895784378052,377,299,979,157
49.07705092430115,377,299,998,157
49.140573024749756,377,299,824,157
49.188671350479126,377,299,843,158
49.236844539642334,377,299,886,157
49.28485465049744,377,300,923,158
49.332974672317505,377,300,959,157
49.396976470947266,378,300,995,158
49.44519829750061,377,299,993,157
49.49310564994812,377,299,806,157
49.54050970077515,376,297,851,157
49.588507413864136,371,294,891,157
49.652687311172485,363,289,930,157
49.70068573951721,348,275,965,157
49.748785734176636,332,264,996,157
49.79679012298584,337,264,997,157
49.8450403213501,347,263,890,157
49.908164262771606,356,265,828,157
49.95701503753662,362,267,863,156
50.005035161972046,366,269,897,157
50.053122997283936,368,271,927,157
50.10112404823303,368,271,956,157
50.16453957557678,369,271,983,157
50.21254301071167,369,272,1000,156
50.26065015792847,369,272,978,157
50.308709383010864,369,272,810,157
50.35700011253357,370,272,842,156
50.405014991760254,370,272,872,157
50.468266010284424,367,269,903,157
50.51670551300049,356,263,935,157
50.564433336257935,338,260,966,158
50.612544775009155,337,265,993,158
50.66069507598877,348,277,999,157
50.724931478500366,359,285,952,158
50.77297329902649,366,290,822,158
50.820549726486206,370,294,861,157
50.86809706687927,373,297,901,157
50.91645956039429,375,298,938,157
50.98030686378479,375,298,971,158
51.029120206832886,375,298,999,158
51.076555013656616,374,298,980,158
51.12512969970703,374,297,815,157
51.1729097366333,374,298,855,157
51.23623847961426,374,298,895,157
51.28433871269226,375,298,934,157
51.33288240432739,375,299,968,157
51.38088798522949,375,299,999,157
51.4288330078125,375,299,986,157
51.492745876312256,376,299,813,157
51.54038453102112,376,300,857,157
51.58838605880737,376,300,899,157
51.63657855987549,376,300,941,157
51.68448257446289,376,300,985,157
51.732948780059814,376,299,987,157
51.79594326019287,376,299,821,157
51.84410881996155,376,299,881,157
51.89311170578003,376,299,939,157
51.94035744667053,376,299,992,158
51.98838019371033,376,299,970,157
52.052526235580444,375,299,833,156
52.10053014755249,375,298,890,157
52.14864706993103,376,298,943,158
52.196659564971924,376,299,988,157
52.24502635002136,375,298,991,157
52.30858135223389,375,298,817,156
52.35676598548889,376,298,878,157
52.40467095375061,375,298,937,157
52.45274782180786,375,298,990,157
52.500754594802856,375,298,964,156
52.56411385536194,375,298,837,157
52.61230492591858,375,297,902,157
52.660261392593384,375,298,964,157
52.70857787132263,375,297,997,157
52.7569534778595,374,297,804,157
52.804954290390015,374,297,872,157
52.86821460723877,375,297,936,157
52.91624116897583,375,297,988,157
52.96449685096741,374,297,982,157
53.01273822784424,374,297,828,157
53.06066012382507,374,297,892,157
53.12467002868652,374,297,952,157
53.171987533569336,375,297,998,155
53.220903635025024,374,297,920,157
53.2682580947876,374,297,842,156
53.31628203392029,375,297,898,157
53.38055348396301,375,297,950,157
53.42855167388916,374,297,997,157
53.47669291496277,374,297,981,157
53.52470827102661,374,297,820,157
53.57283854484558,374,297,871,157
53.63598132133484,374,297,923,157
53.68398642539978,374,297,972,157
53.732560873031616,374,297,997,156
53.780545711517334,374,297,809,156
53.82858633995056,374,297,873,156
53.891746520996094,374,297,934,157
53.94001579284668,374,297,983,156
53.98791790008545,374,297,989,157
54.03599977493286,374,296,820,157
54.08440661430359,374,297,879,156
54.13278388977051,374,297,934,157
54.195767879486084,374,297,992,157
54.244163274765015,374,297,952,158
54.2920777797699,374,296,844,157
54.34045052528381,374,297,916,157
54.38936138153076,374,297,977,157
54.45193314552307,374,297,994,157
54.49993920326233,374,296,812,157
54.54810404777527,374,296,873,157
54.596198320388794,374,297,932,157
54.6442928314209,374,297,987,157
54.70817708969116,373,296,972,157
54.756396532058716,374,296,836,157
54.80440306663513,374,297,903,156
54.852622270584106,374,297,960,157
54.90062618255615,374,296,999,157
54.96359705924988,374,296,796,157
55.01166105270386,374,296,860,157
55.05992007255554,374,296,921,157
55.107916831970215,374,296,968,157
55.15604901313782,374,296,999,157
55.220242977142334,373,296,808,157
55.26834845542908,373,296,847,157
55.316306829452515,373,296,896,157
55.36451506614685,373,296,945,157
55.412248611450195,374,297,991,157
55.46000289916992,373,296,986,157
55.523908853530884,373,296,820,156
55.57200288772583,373,296,875,157
55.61998271942139,373,296,927,157
55.668036460876465,374,296,971,157
55.71603608131409,373,296,999,157
55.78032350540161,374,296,842,157
55.828389406204224,373,295,844,157
55.876460313797,373,296,895,157
55.923712491989136,373,296,946,157
55.971816062927246,374,296,990,157
56.036359548568726,373,295,995,157
56.08437728881836,373,296,805,157
56.13139486312866,373,296,858,157
56.18042492866516,373,295,913,157
56.22848033905029,373,296,964,157
56.29225540161133,373,296,999,156
56.33987736701965,373,295,794,156
56.38742518424988,373,295,859,157
56.43597054481506,373,296,923,156
56.48460507392883,374,296,983,156
56.54788517951965,373,295,969,156
56.59596061706543,373,295,835,156
56.64390707015991,373,295,902,156
56.69181752204895,373,295,964,157
56.73964738845825,373,295,996,157
56.788007497787476,373,295,810,156
56.852378129959106,373,295,879,157
56.90038180351257,373,296,940,157
56.947787284851074,373,296,994,157
56.99577808380127,372,295,965,157
57.04369878768921,373,295,835,157
57.10742783546448,373,295,900,156
57.155646324157715,373,295,957,157
57.20353817939758,373,296,999,156
57.25184988975525,373,295,793,156
57.30029320716858,373,295,855,156
57.36343216896057,373,296,916,156
57.411450147628784,373,296,972,157
57.45988321304321,373,296,993,157
57.507885456085205,373,295,818,157
57.55609440803528,372,295,890,156
57.620097637176514,373,296,956,156
57.667426347732544,373,295,998,157
57.71542239189148,373,295,804,156
57.763712644577026,372,295,875,156
57.811689138412476,373,295,935,156
57.860156536102295,373,296,995,157
57.924073934555054,373,295,938,156
57.9723334312439,373,295,842,156
58.020312547683716,373,295,910,156
58.067357778549194,373,295,974,156
58.11534833908081,373,295,981,156
58.17955994606018,372,295,834,156
58.22767376899719,372,295,906,156
58.27589702606201,373,295,968,157
58.32411050796509,373,295,988,156
58.37225389480591,372,295,829,156
58.435442209243774,373,295,907,156
58.48317503929138,373,295,981,156
58.532283306121826,372,294,910,156
58.57954287528992,372,295,854,156
58.627657413482666,373,295,933,157
58.691938161849976,373,295,997,156
58.74270558357239,372,295,793,156
58.78800654411316,372,295,871,156
58.835222005844116,373,295,938,156
58.88355779647827,373,295,996,156
58.947176694869995,372,294,938,156
58.995800256729126,372,295,841,156
59.04361271858215,373,295,903,156
59.09134244918823,373,295,957,156
59.139363050460815,373,295,998,156
59.187541246414185,372,294,792,156
59.25132489204407,372,294,858,156
59.29999351501465,372,295,925,157
59.3477349281311,373,295,986,156
59.39544177055359,372,294,935,156
59.44316029548645,372,294,849,156
59.50730848312378,373,295,925,156
59.55556106567383,373,295,995,156
59.603670597076416,372,294,891,156
59.65141010284424,373,295,850,156
59.699981451034546,373,295,918,156
59.763383626937866,373,295,974,156
59.81142234802246,373,295,996,156
59.85985970497131,373,294,808,156
59.90776610374451,372,294,870,156
59.95553755760193,372,295,925,156
60.019060373306274,373,295,979,156
60.06707835197449,372,294,989,156
60.11507701873779,372,294,821,156
60.16352105140686,373,295,889,156
60.21151614189148,373,294,948,156
60.27534031867981,373,295,997,156
60.323450326919556,372,295,959,156
60.371898889541626,373,294,832,155
60.41980266571045,372,294,890,156
60.467453718185425,373,295,942,156
60.51543092727661,373,295,985,156
60.579094886779785,372,294,996,156
60.627092361450195,373,293,801,156
60.67553758621216,372,294,847,156
60.723501443862915,372,294,895,156
60.77171277999878,373,294,938,156
60.8357298374176,372,295,978,156
60.883294343948364,372,295,999,157
60.93128275871277,372,294,852,156
60.9797945022583,372,294,841,156
61.027708530426025,372,294,891,156
61.09095907211304,373,294,932,156
61.13915228843689,372,295,968,156
61.18765950202942,373,295,999,156
61.23580312728882,372,294,984,156
61.28331279754639,372,294,815,156
61.34717917442322,372,294,866,156
61.395819902420044,372,294,916,156
61.44363260269165,373,295,965,157
61.491146087646484,372,294,999,156
61.53906583786011,372,294,795,156
61.58726167678833,372,294,853,155
61.65072250366211,372,294,910,156
61.69925570487976,372,295,965,156
61.74690890312195,372,295,998,156
61.795472860336304,372,294,796,156
61.84359622001648,372,294,849,156
61.90762114524841,372,294,900,156
61.95536994934082,372,294,947,156
62.002965450286865,372,294,990,156
62.05167627334595,372,294,992,156
62.09911036491394,372,294,808,155
62.16284656524658,372,294,856,156
62.211387395858765,372,294,901,155
62.25909495353699,372,294,939,156
62.307276248931885,373,294,976,156
62.355104207992554,372,294,999,156
62.41954517364502,372,294,953,155
62.467127323150635,372,294,826,155
62.51466464996338,372,294,869,156
62.56324648857117,372,294,912,155
62.61082172393799,372,294,956,156
62.6750807762146,372,294,997,156
62.723082065582275,372,293,975,156
62.77145314216614,372,293,826,155
62.81936597824097,372,294,881,155
62.86707878112793,372,294,933,156
62.91478967666626,372,294,976,156
62.97907876968384,372,294,998,155
63.02716588973999,372,293,800,155
63.075374126434326,372,293,855,156
63.12336874008179,372,294,911,155
63.170604944229126,372,294,958,155
63.23475480079651,372,294,999,156
63.28291869163513,372,293,919,156
63.33091425895691,372,294,841,155
63.37966346740723,372,294,896,155
63.4277458190918,372,293,944,155
63.490501403808594,372,294,992,155
63.53860378265381,372,293,982,155
63.58691453933716,372,293,824,156
63.635138511657715,372,293,884,156
63.68349075317383,372,294,936,155
63.74659752845764,372,294,981,156
63.794840812683105,372,294,997,156
63.842808961868286,372,294,799,155
63.89084506034851,372,294,847,155
63.93876886367798,372,294,891,156
64.0032434463501,372,294,930,155
64.05068039894104,373,294,968,156
64.09933304786682,372,294,999,155
64.1475133895874,372,294,971,156
64.19471287727356,372,294,822,155
64.24282717704773,372,294,868,155
64.30702471733093,372,294,910,155
64.35467052459717,372,294,949,155
64.4034173488617,372,294,985,155
64.45149421691895,372,294,998,156
64.49949049949646,372,293,818,155
64.5630247592926,372,293,841,155
64.6111810207367,372,294,889,155
64.65874075889587,372,294,939,156
64.70729804039001,372,294,986,156
64.7548623085022,372,294,992,155
64.81926703453064,372,293,811,155
64.867018699646,372,293,865,156
64.91452527046204,372,293,908,156
64.96329593658447,372,294,947,155
65.010910987854,372,294,984,155
65.07473802566528,372,293,998,155
65.1232659816742,372,293,812,155
65.1710569858551,372,293,842,156
65.21914196014404,371,293,888,154
65.26708483695984,372,293,931,155
65.33052849769592,372,294,971,155
65.37827730178833,372,294,999,155
65.42683506011963,372,293,949,155
65.47457098960876,372,293,827,155
65.52331495285034,372,293,880,155
65.57088017463684,372,293,930,155
65.63460683822632,372,294,973,155
65.68287491798401,373,294,1000,155
65.73086404800415,372,293,940,155
65.77852892875671,372,293,831,155
65.82710599899292,372,293,884,155
65.89021468162537,372,294,936,155
65.93831992149353,372,293,981,155
65.98663592338562,372,293,995,155
66.03463816642761,372,293,803,155
66.08303427696228,372,293,856,155
66.14687538146973,372,293,904,155
66.19423604011536,372,293,949,155
66.24574756622314,373,293,992,155
66.29087662696838,372,293,995,155
66.33887910842896,372,293,801,155
66.40315508842468,372,293,845,155
66.45014953613281,372,293,891,155
66.49849700927734,372,293,935,155
66.54649615287781,372,293,979,155
66.59458923339844,372,293,998,155
66.64261746406555,372,293,799,154
66.70669937133789,371,293,849,155
66.75471520423889,371,293,898,155
66.8022518157959,372,293,948,155
66.85038328170776,372,293,994,155
66.89923405647278,371,293,975,155
66.96286392211914,371,292,829,155
67.01049208641052,371,292,894,155
67.05885457992554,371,293,955,155
67.1064465045929,371,293,998,155
67.15445351600647,371,292,804,155
67.21852111816406,371,292,877,154
67.26611638069153,371,293,941,155
67.31437921524048,371,293,999,155
67.3628933429718,371,292,792,154
67.4106297492981,371,292,857,154
67.47503066062927,371,293,925,155
67.52264523506165,371,293,989,154
67.57040214538574,371,292,931,154
67.61893677711487,371,292,848,155
67.66783285140991,371,293,920,155
67.73025894165039,371,293,980,155
67.77881669998169,371,292,983,154
67.82633662223816,371,291,829,154
67.87495279312134,371,292,897,154
67.92267417907715,371,293,957,155
67.97026920318604,371,293,998,155
68.0347318649292,371,293,803,155
68.082510471344,371,293,877,154
68.130042552948,371,293,950,155
68.1790292263031,372,293,997,155
68.22691631317139,372,293,807,155
68.28975677490234,372,294,882,155
68.33864665031433,372,294,948,154
68.38649320602417,372,294,998,155
68.43420672416687,372,293,801,154
68.48316264152527,372,294,876,154
68.54611921310425,372,294,943,155
68.59451174736023,373,294,998,155
68.64250230789185,373,294,797,154
68.6904125213623,372,294,875,154
68.73881816864014,372,294,944,153
68.80241560935974,372,295,997,155
68.84984993934631,372,294,792,154
68.89838767051697,372,294,865,154
68.94660472869873,373,295,929,155
68.99421572685242,373,295,984,154
69.05843138694763,372,295,986,154
69.10658740997314,372,295,824,155
69.15468525886536,372,295,885,154
69.20205187797546,372,295,936,155
69.25020146369934,373,296,985,154
69.29866290092468,373,295,993,155
69.36258006095886,372,295,809,155
69.41000437736511,373,295,861,154
69.45810008049011,373,295,906,155
69.50656294822693,373,295,947,155
69.5546567440033,373,295,984,155
69.61794686317444,373,296,998,155
69.66645789146423,373,295,860,155
69.71434760093689,373,296,835,154
69.76207232475281,373,295,873,154
69.8107340335846,374,296,910,154
69.8746612071991,373,296,945,154
69.9224464893341,374,296,974,155
69.97016191482544,374,296,1000,155
70.01862120628357,373,295,981,155
70.06624698638916,373,295,812,155
70.12986540794373,373,296,851,155
70.17857909202576,374,296,891,155
70.22629737854004,374,296,931,154
70.27402257919312,374,296,964,155
70.32284593582153,374,296,997,155
70.38654208183289,374,296,994,155
70.43460273742676,373,295,806,154
70.48240971565247,374,296,850,154
70.52993440628052,374,296,893,155
70.57843494415283,374,296,934,154
70.62615060806274,374,296,973,155
70.68993544578552,374,296,999,155
70.73844933509827,374,296,970,154
70.78589057922363,373,296,822,154
70.83456945419312,374,296,872,154
70.88232016563416,374,296,920,154
70.94603943824768,373,296,967,154
70.99404263496399,374,296,998,154
71.04257392883301,373,296,793,154
71.09041237831116,373,295,851,154
71.13847184181213,373,296,906,154
71.20225596427917,374,296,959,154
71.2499086856842,374,296,998,155
71.29775667190552,373,295,795,154
71.34643626213074,373,296,864,154
71.39394211769104,373,296,928,154
71.45847487449646,373,296,984,154
71.50659799575806,373,295,971,155
71.55372977256775,373,295,834,154
71.6018648147583,373,296,898,154
71.65012001991272,373,296,959,154
71.69805860519409,373,296,998,154
71.76179504394531,372,295,805,152
71.81037211418152,372,295,877,154
71.85827851295471,373,296,938,154
71.90647339820862,373,295,994,154
71.95434975624084,372,295,947,154
72.01840448379517,373,295,842,154
72.06591653823853,373,295,913,154
72.11433148384094,373,295,980,155
72.16234183311462,373,295,949,154
72.21040225028992,373,296,851,154
72.27392578125,373,296,944,154
72.3224093914032,373,295,842,154
72.36995649337769,373,297,904,154
72.41753506660461,373,296,753,154
72.46605944633484,373,296,984,154
72.52980136871338,373,296,906,154
72.57822847366333,373,296,848,154
72.62585663795471,373,295,828,154
72.67440819740295,373,295,844,154
72.72230839729309,373,296,924,154
72.78587007522583,373,295,512,153
72.83353996276855,374,295,584,154
72.88208651542664,373,295,354,153
72.92971062660217,373,295,308,154
72.97823309898376,373,295,211,154
73.02582049369812,373,295,189,153
73.09036636352539,374,296,176,154
73.13787698745728,374,295,172,154
73.18558263778687,373,296,170,154
73.23421430587769,374,296,169,154
73.28173398971558,374,296,168,154
73.34631395339966,374,296,167,154
73.39389872550964,374,296,167,154
73.44241404533386,374,296,166,153
73.48999118804932,374,296,166,153
73.53757381439209,374,296,166,154
73.60225296020508,374,296,166,154
73.64988827705383,374,295,165,154
73.6984314918518,375,296,165,153
73.74593305587769,374,296,165,153
73.79353380203247,374,296,164,154
73.85747504234314,374,296,164,153
73.90612506866455,374,296,164,153
73.95354413986206,374,296,164,153
74.00197911262512,374,296,164,153
74.04952836036682,374,295,164,154
74.11407709121704,374,296,164,153
74.1618983745575,373,296,163,153
74.20957636833191,373,296,164,153
74.25771117210388,373,296,164,153
74.30602264404297,374,296,164,153
74.3541510105133,374,296,164,154
74.4177975654602,374,296,164,153
74.46609282493591,374,296,164,153
74.51371383666992,373,296,164,153
74.5622079372406,373,296,164,153
74.60987138748169,373,296,164,153
74.67335343360901,373,296,164,153
74.72135829925537,373,296,163,153
74.76924133300781,373,296,163,153
74.81735920906067,373,296,164,153
74.86603689193726,373,296,164,153
74.93012809753418,373,297,164,153
74.9778344631195,374,297,164,153
75.02558827400208,374,297,163,153
75.07412242889404,374,296,164,153
75.12218832969666,373,296,164,153
75.18550872802734,373,296,165,153
75.23380661010742,373,296,165,153
75.28178262710571,374,297,165,153
75.32919502258301,374,297,165,153
75.37772178649902,374,296,164,153
75.42553544044495,373,295,165,153
75.48999857902527,373,296,165,152
75.53803420066833,374,297,164,153
75.58566069602966,374,296,164,153
75.63398814201355,373,296,164,153
75.68152189254761,374,297,165,153
75.74524235725403,374,296,163,153
75.79381513595581,373,296,164,152
75.84162282943726,373,296,164,152
75.88969731330872,374,296,163,152
75.93726563453674,373,296,164,153
76.00180530548096,373,296,163,153
76.04939770698547,373,296,164,152
76.09734177589417,373,295,163,152
76.14600110054016,373,296,163,152
76.1934061050415,373,295,164,152
76.25708174705505,372,295,164,153
76.30580544471741,374,296,164,153
76.35365200042725,372,295,164,153
76.40248894691467,373,296,163,153
76.44915270805359,372,295,163,152
76.51376700401306,373,295,164,152
76.56135296821594,372,295,163,153
76.60914516448975,372,295,164,152
76.6579041481018,372,295,164,152
76.70547032356262,372,295,163,153
76.75320196151733,373,295,163,152
76.81706309318542,371,295,163,152
76.86570358276367,372,295,162,153
76.91338634490967,372,294,163,153
76.96119332313538,372,295,163,153
77.00981783866882,371,294,163,152
77.07317328453064,372,294,162,153
77.1216299533844,371,294,163,153
77.16921019554138,371,294,163,152
77.21797060966492,372,295,163,152
77.26561737060547,370,294,164,152
77.32898354530334,372,295,163,152
77.37768816947937,370,294,164,152
77.42570853233337,372,294,163,152
77.47374200820923,371,294,164,152
77.52176833152771,371,294,163,152
77.58556532859802,372,294,163,152
77.63257718086243,370,294,164,152
77.68194484710693,371,294,163,152
77.72996735572815,371,294,163,152
77.77732348442078,370,293,163,152
77.84075593948364,371,294,162,152
77.88892912864685,370,293,163,152
77.93718361854553,371,293,162,152
77.98488259315491,371,294,162,152
78.0330023765564,369,293,163,152
78.08104515075684,371,294,162,152
78.14489674568176,371,293,162,152
78.19363236427307,369,292,162,152
78.24116253852844,371,293,163,152
78.28899693489075,371,293,163,152
78.33759927749634,369,292,164,151
78.40147089958191,371,293,163,152
78.44917178153992,371,293,163,152
78.49704313278198,369,292,164,152
78.54558944702148,370,292,163,151
78.59316372871399,371,293,163,152
78.65674996376038,370,292,164,152
78.70557498931885,369,291,163,152
78.75313663482666,371,292,162,152
78.80063009262085,371,292,162,152
78.84934544563293,369,291,163,152
78.91316723823547,369,291,162,152
78.96098494529724,370,292,162,152
79.00871300697327,370,292,163,151
79.05834436416626,369,291,162,151
79.10588812828064,369,291,162,152
79.15345811843872,370,291,162,152
79.21733927726746,370,292,163,152
79.26480889320374,369,290,164,152
79.31338214874268,368,290,163,152
79.36096930503845,368,290,163,151
79.409743309021,369,290,163,152
79.47344064712524,368,290,163,152
79.5211443901062,367,288,163,152
79.5690553188324,366,288,163,152
79.61693406105042,367,288,163,152
79.66566109657288,368,289,162,153
79.7293336391449,367,289,162,152
79.77710032463074,366,288,162,152
79.82462882995605,365,287,162,153
79.87283039093018,366,287,162,152
79.92125678062439,367,288,162,152
79.98488306999207,367,288,162,152
80.0329897403717,366,288,162,153
80.08131313323975,365,286,163,152
80.12919974327087,364,285,163,153
80.17694211006165,365,285,164,152
80.24069499969482,366,286,166,152
80.2890636920929,367,287,167,152
80.33713674545288,367,287,168,152
80.38517236709595,366,286,167,153
80.43330264091492,365,284,167,152
80.48153424263,364,285,167,152
80.54456615447998,363,285,167,152
80.59260892868042,364,285,166,152
80.64080762863159,365,285,165,152
80.68857884407043,365,285,166,152
80.73758387565613,366,285,166,152
80.80129384994507,365,285,165,152
80.8490138053894,364,285,166,152
80.8967638015747,363,284,166,152
80.94478011131287,362,284,166,152
80.99324607849121,363,283,166,153
81.05676174163818,363,283,166,152
81.10529232025146,363,284,166,152
81.15278434753418,364,284,165,152
81.20111656188965,365,285,166,152
81.24912405014038,365,285,166,152
81.31258034706116,365,285,167,152
81.3611261844635,365,285,166,152
81.40866494178772,365,285,166,152
81.45713067054749,364,285,167,152
81.5047197341919,363,285,166,152
81.56867933273315,363,284,167,152
81.6171441078186,363,284,168,152
81.66466784477234,363,284,167,152
81.71320939064026,363,284,166,152
81.76143956184387,364,284,165,152
81.80920672416687,364,284,165,152
81.8731427192688,364,285,165,152
81.92074394226074,364,284,165,152
81.96933889389038,365,285,165,152
82.01687121391296,365,285,165,152
82.06447887420654,364,285,166,150
82.12867951393127,365,285,165,152
82.17727947235107,365,285,165,152
82.22485494613647,365,285,165,153